[{"__type__":"cc.SpriteFrame","content":{"name":"奖杯","texture":"e9yBRNBcRCAbaaFZSgiIsa","rect":[0,0,68,60],"offset":[0,0],"originalSize":[68,60],"capInsets":[0,0,0,0]}},{"__type__":"cc.SpriteFrame","content":{"name":"数字","texture":"cc7MpJSbRMd5fMcB/bbznZ","rect":[2,0,683,59],"offset":[-1.5,0.5],"originalSize":[690,60],"capInsets":[0,0,0,0]}},{"__type__":"cc.SpriteFrame","content":{"name":"椰子","texture":"4bvNoenrRPVpT4typ0IiYM","rect":[0,0,24,41],"offset":[0,0],"originalSize":[24,41],"capInsets":[0,0,0,0]}},{"__type__":"cc.SpriteFrame","content":{"name":"西瓜","texture":"56S6YgalVMvqWmb6Pt2AFR","rect":[3,4,302,302],"offset":[0,-0.5],"originalSize":[308,309],"capInsets":[0,0,0,0]}},{"__type__":"cc.SpriteFrame","content":{"name":"西红柿","texture":"a9jxOwyflFwacoRm5yk4u8","rect":[1,0,318,292],"offset":[0.5,0],"originalSize":[319,292],"capInsets":[0,0,0,0]}},[{"__type__":"cc.Prefab","_name":"star","data":{"__id__":1}},{"__type__":"cc.Node","_name":"star","_components":[{"__type__":"cc.Sprite","node":{"__id__":1},"_materials":[{"__uuid__":"ecpdLyjvZBwrvm+cedCcQy"}],"_spriteFrame":{"__uuid__":"e4am+fYUhKM6YbwlHn/rpZ"}}],"_prefab":{"__type__":"cc.PrefabInfo","root":{"__id__":1},"asset":{"__id__":0},"fileId":"bbFejA4zhMn5riR7Q/Zuko"},"_contentSize":{"__type__":"cc.Size","width":26,"height":39},"_trs":{"__type__":"TypedArray","ctor":"Float64Array","array":[0,0,0,0,0,0,1,1,1,1]}}],{"__type__":"cc.SpriteFrame","content":{"name":"椰子1","texture":"3eX+ScAINKMbfp34P/uuqw","rect":[0,1,38,39],"offset":[0,-0.5],"originalSize":[38,40],"capInsets":[0,0,0,0]}},{"__type__":"cc.SpriteFrame","content":{"name":"数字","texture":"ebyNd0WWVBbpb4i0TFUlcP","rect":[6,2,1071,96],"offset":[-3.5,0],"originalSize":[1090,100],"capInsets":[0,0,0,0]}},{"__type__":"cc.SpriteFrame","content":{"name":"4","texture":"ffGAgcvZ1IuYRZ9pFs0gwO","rect":[0,0,18,14],"offset":[0,0],"originalSize":[18,14],"capInsets":[0,0,0,0]}},{"__type__":"cc.SpriteFrame","content":{"name":"1","texture":"5fkyBCD0JE+p9H4+pJhQgH","rect":[0,0,28,22],"offset":[0,0],"originalSize":[28,22],"capInsets":[0,0,0,0]}},{"__type__":"cc.LabelAtlas","_name":"hitnumber","spriteFrame":{"__uuid__":"a03/GKZ8BJjIsDTFEkNomr"},"fontSize":52.8,"_fntConfig":{"commonHeight":60,"fontSize":52,"atlasName":"数字","fontDefDictionary":{"48":{"rect":{"x":0,"y":0,"width":66,"height":60},"xOffset":0,"yOffset":0,"xAdvance":66},"49":{"rect":{"x":66,"y":0,"width":66,"height":60},"xOffset":0,"yOffset":0,"xAdvance":66},"50":{"rect":{"x":132,"y":0,"width":66,"height":60},"xOffset":0,"yOffset":0,"xAdvance":66},"51":{"rect":{"x":198,"y":0,"width":66,"height":60},"xOffset":0,"yOffset":0,"xAdvance":66},"52":{"rect":{"x":264,"y":0,"width":66,"height":60},"xOffset":0,"yOffset":0,"xAdvance":66},"53":{"rect":{"x":330,"y":0,"width":66,"height":60},"xOffset":0,"yOffset":0,"xAdvance":66},"54":{"rect":{"x":396,"y":0,"width":66,"height":60},"xOffset":0,"yOffset":0,"xAdvance":66},"55":{"rect":{"x":462,"y":0,"width":66,"height":60},"xOffset":0,"yOffset":0,"xAdvance":66},"56":{"rect":{"x":528,"y":0,"width":66,"height":60},"xOffset":0,"yOffset":0,"xAdvance":66},"57":{"rect":{"x":594,"y":0,"width":66,"height":60},"xOffset":0,"yOffset":0,"xAdvance":66}},"kerningDict":{}}},{"__type__":"cc.SpriteFrame","content":{"name":"菠萝1","texture":"e5J9mN/hBOOan+5gBVTgxD","rect":[0,1,38,39],"offset":[0,-0.5],"originalSize":[38,40],"capInsets":[0,0,0,0]}},{"__type__":"cc.SpriteFrame","content":{"name":"猕猴桃","texture":"68JBmQV/xDqr8o7ceMaAj/","rect":[0,0,24,41],"offset":[0,0],"originalSize":[24,41],"capInsets":[0,0,0,0]}},{"__type__":"cc.SpriteFrame","content":{"name":"葡萄","texture":"86o1FnGmRDRqw4ROp3tDhh","rect":[0,0,24,41],"offset":[0,0],"originalSize":[24,41],"capInsets":[0,0,0,0]}},{"__type__":"cc.SpriteFrame","content":{"name":"home","texture":"55B21T8f1A/Zf8OhTKEaEK","rect":[0,0,92,92],"offset":[0,0],"originalSize":[92,92],"capInsets":[0,0,0,0]}},{"__type__":"cc.SpriteFrame","content":{"name":"西瓜","texture":"eadLsWqWRFU7BRdOK2gj50","rect":[1,0,318,292],"offset":[0.5,0],"originalSize":[319,292],"capInsets":[0,0,0,0]}},{"__type__":"cc.SpriteFrame","content":{"name":"singleColor","texture":"a8Anh32NZGRZegUtSgEj26","rect":[0,0,2,2],"offset":[0,0],"originalSize":[2,2],"capInsets":[0,0,0,0]}},{"__type__":"cc.SpriteFrame","content":{"name":"fuli2","texture":"8cUqhRmWlHApmXCiyp9Ddz","rect":[39,38,139,137],"offset":[0.5,1.5],"originalSize":[216,216],"capInsets":[0,0,0,0]}},{"__type__":"cc.SpriteFrame","content":{"name":"橘子","texture":"64NDfStvpAaoE9VodJ4IXS","rect":[1,0,318,292],"offset":[0.5,0],"originalSize":[319,292],"capInsets":[0,0,0,0]}},{"__type__":"cc.SpriteFrame","content":{"name":"菠萝","texture":"84vJ1Ag9BIDLRqPvWeYD4U","rect":[0,0,258,258],"offset":[0,0],"originalSize":[258,258],"capInsets":[0,0,0,0]}},{"__type__":"cc.SpriteFrame","content":{"name":"葡萄","texture":"4eGaGBr25O8Yrca6vsF3PA","rect":[1,0,318,292],"offset":[0.5,0],"originalSize":[319,292],"capInsets":[0,0,0,0]}},{"__type__":"cc.SpriteFrame","content":{"name":"菠萝","texture":"b7kf5xpnlLtrQ0iYcrZFkK","rect":[1,0,318,292],"offset":[0.5,0],"originalSize":[319,292],"capInsets":[0,0,0,0]}},{"__type__":"cc.SpriteFrame","content":{"name":"neihuan","texture":"b03ZhiGzNIV4fzDUXzJfY7","rect":[0,0,89,89],"offset":[0,0],"originalSize":[89,89],"capInsets":[0,0,0,0]}},{"__type__":"cc.SpriteFrame","content":{"name":"橘子","texture":"d0xnbkCVZKA5Cv/uAoz6vk","rect":[0,0,108,108],"offset":[0,0],"originalSize":[108,108],"capInsets":[0,0,0,0]}},{"__type__":"cc.SpriteFrame","content":{"name":"猕猴桃1","texture":"e4msy+peJNTJJJTOkm2bmX","rect":[1,1,37,39],"offset":[0.5,-0.5],"originalSize":[38,40],"capInsets":[0,0,0,0]}},{"__type__":"cc.SpriteFrame","content":{"name":"樱桃","texture":"0cuz27KoVCpb4hmDlhHlr3","rect":[1,1,78,78],"offset":[0,0],"originalSize":[80,80],"capInsets":[0,0,0,0]}},{"__type__":"cc.SpriteFrame","content":{"name":"继续","texture":"a73hCZ/6tFC421VLUVFP1U","rect":[0,0,163,163],"offset":[0,0],"originalSize":[163,163],"capInsets":[0,0,0,0]}},{"__type__":"cc.SpriteFrame","content":{"name":"hand2","texture":"b3H1GONCxFP4JGDgYZR+Pm","rect":[4,25,79,60],"offset":[-1,-10.5],"originalSize":[89,89],"capInsets":[0,0,0,0]}},{"__type__":"cc.LabelAtlas","_name":"successNumberA","spriteFrame":{"__uuid__":"81GX+uVWBMLZ6tPjHkWF0o"},"fontSize":38.72,"_fntConfig":{"commonHeight":44,"fontSize":38,"atlasName":"successNumber","fontDefDictionary":{"48":{"rect":{"x":0,"y":0,"width":43,"height":44},"xOffset":0,"yOffset":0,"xAdvance":43},"49":{"rect":{"x":43,"y":0,"width":43,"height":44},"xOffset":0,"yOffset":0,"xAdvance":43},"50":{"rect":{"x":86,"y":0,"width":43,"height":44},"xOffset":0,"yOffset":0,"xAdvance":43},"51":{"rect":{"x":129,"y":0,"width":43,"height":44},"xOffset":0,"yOffset":0,"xAdvance":43},"52":{"rect":{"x":172,"y":0,"width":43,"height":44},"xOffset":0,"yOffset":0,"xAdvance":43},"53":{"rect":{"x":215,"y":0,"width":43,"height":44},"xOffset":0,"yOffset":0,"xAdvance":43},"54":{"rect":{"x":258,"y":0,"width":43,"height":44},"xOffset":0,"yOffset":0,"xAdvance":43},"55":{"rect":{"x":301,"y":0,"width":43,"height":44},"xOffset":0,"yOffset":0,"xAdvance":43},"56":{"rect":{"x":344,"y":0,"width":43,"height":44},"xOffset":0,"yOffset":0,"xAdvance":43},"57":{"rect":{"x":387,"y":0,"width":43,"height":44},"xOffset":0,"yOffset":0,"xAdvance":43}},"kerningDict":{}}},{"__type__":"cc.SpriteFrame","content":{"name":"waihuan","texture":"9e2RrV3HVI97HdMNwpBIlp","rect":[0,0,224,224],"offset":[0,0],"originalSize":[224,224],"capInsets":[0,0,0,0]}},{"__type__":"cc.SpriteFrame","content":{"name":"数字","texture":"a5MTATjQNPt4736UDCJ8xh","rect":[2,11,753,78],"offset":[-1.5,0],"originalSize":[760,100],"capInsets":[0,0,0,0]}},{"__type__":"cc.SpriteFrame","content":{"name":"西瓜1","texture":"00/EFfjElOWId9B1zBG65K","rect":[1,1,37,39],"offset":[0.5,-0.5],"originalSize":[38,40],"capInsets":[0,0,0,0]}},{"__type__":"cc.SpriteFrame","content":{"name":"橘子","texture":"69tmDgTPdFhq8xJ8xIlHuN","rect":[0,0,24,41],"offset":[0,0],"originalSize":[24,41],"capInsets":[0,0,0,0]}},{"__type__":"cc.SpriteFrame","content":{"name":"樱桃1","texture":"174oR9KZhO9JbV7v4xE3ww","rect":[0,1,38,39],"offset":[0,-0.5],"originalSize":[38,40],"capInsets":[0,0,0,0]}},[{"__type__":"cc.Prefab","_name":"juicePre","data":{"__id__":1}},{"__type__":"cc.Node","_name":"juicePre","_components":[{"__type__":"cc.Sprite","node":{"__id__":1},"_materials":[{"__uuid__":"ecpdLyjvZBwrvm+cedCcQy"}]}],"_prefab":{"__type__":"cc.PrefabInfo","root":{"__id__":1},"asset":{"__uuid__":"6f6brJUGNIq5or2MhIexcM"},"fileId":"f7RdlH5dJDuYEKtJ9/DKRw"},"_contentSize":{"__type__":"cc.Size","width":34,"height":34},"_trs":{"__type__":"TypedArray","ctor":"Float64Array","array":[0,0,0,0,0,0,1,1,1,1]}}],{"__type__":"cc.SpriteFrame","content":{"name":"猕猴桃","texture":"13Le2CPjlOLrw0/JNIcPhM","rect":[0,0,153,152],"offset":[0,0],"originalSize":[153,152],"capInsets":[0,0,0,0]}},{"__type__":"cc.SpriteFrame","content":{"name":"菠萝","texture":"c2HQuONkBIbK+1Y23u1fa4","rect":[0,0,24,41],"offset":[0,0],"originalSize":[24,41],"capInsets":[0,0,0,0]}},{"__type__":"cc.SpriteFrame","content":{"name":"椰子","texture":"b1Odi1mLNEHaDvPRc5pU9n","rect":[1,0,318,292],"offset":[0.5,0],"originalSize":[319,292],"capInsets":[0,0,0,0]}},{"__type__":"cc.SpriteFrame","content":{"name":"葡萄","texture":"adFszcl15Dk657isecN5Xy","rect":[0,0,52,52],"offset":[0,0],"originalSize":[52,52],"capInsets":[0,0,0,0]}},{"__type__":"cc.SpriteFrame","content":{"name":"successNumber","texture":"86jDFivHhMf6inDLIoJwD2","rect":[0,0,430,44],"offset":[0,0],"originalSize":[430,44],"capInsets":[0,0,0,0]}},{"__type__":"cc.SpriteFrame","content":{"name":"5","texture":"19CuZYXWREsbpGboXrMGP5","rect":[0,0,31,20],"offset":[0,0],"originalSize":[31,20],"capInsets":[0,0,0,0]}},{"__type__":"cc.SpriteFrame","content":{"name":"桃","texture":"bbhcqtGR5AtrldfrXaYVA/","rect":[1,0,318,292],"offset":[0.5,0],"originalSize":[319,292],"capInsets":[0,0,0,0]}},{"__type__":"cc.SpriteFrame","content":{"name":"hand1","texture":"c1Xz6l+aBOcLWzVl7eEd8c","rect":[4,9,73,80],"offset":[-4,-4.5],"originalSize":[89,89],"capInsets":[0,0,0,0]}},{"__type__":"cc.SpriteFrame","content":{"name":"桃","texture":"66Wg7JbENIWJdMAlUU8qDn","rect":[3,3,186,186],"offset":[-0.5,0.5],"originalSize":[193,193],"capInsets":[0,0,0,0]}},{"__type__":"cc.SpriteFrame","content":{"name":"fuli1","texture":"47VjEbQ2RBYLx+KZh29Jdw","rect":[39,42,139,133],"offset":[0.5,-0.5],"originalSize":[216,216],"capInsets":[0,0,0,0]}},{"__type__":"cc.SpriteFrame","content":{"name":"iceCircle","texture":"18dkD/iU9H+7Ohh04GiPIx","rect":[19,14,486,471],"offset":[0.5,0.5],"originalSize":[523,500],"capInsets":[0,0,0,0]}},{"__type__":"cc.SpriteFrame","content":{"name":"西瓜1","texture":"50NSZsjfNCNo2Co3Xpeg2c","rect":[2,2,404,404],"offset":[0,0],"originalSize":[408,408],"capInsets":[0,0,0,0]}},{"__type__":"cc.SpriteFrame","content":{"name":"柠檬1","texture":"beSMv3mcRKhI9G0SGsi9V1","rect":[0,1,38,39],"offset":[0,-0.5],"originalSize":[38,40],"capInsets":[0,0,0,0]}},{"__type__":"cc.SpriteFrame","content":{"name":"葡萄1","texture":"95Thg4bxZLlIVa4u2r4Kl7","rect":[1,1,37,39],"offset":[0.5,-0.5],"originalSize":[38,40],"capInsets":[0,0,0,0]}},{"__type__":"cc.SpriteFrame","content":{"name":"数字","texture":"d427JGp29HD4xiQHWNxHj2","rect":[2,0,653,60],"offset":[-1.5,0],"originalSize":[660,60],"capInsets":[0,0,0,0]}},{"__type__":"cc.LabelAtlas","_name":"score","spriteFrame":{"__uuid__":"014XUYxWtOVI8je+XPpJRA"},"fontSize":52.8,"_fntConfig":{"commonHeight":60,"fontSize":52,"atlasName":"数字","fontDefDictionary":{"48":{"rect":{"x":0,"y":0,"width":69,"height":60},"xOffset":0,"yOffset":0,"xAdvance":69},"49":{"rect":{"x":69,"y":0,"width":69,"height":60},"xOffset":0,"yOffset":0,"xAdvance":69},"50":{"rect":{"x":138,"y":0,"width":69,"height":60},"xOffset":0,"yOffset":0,"xAdvance":69},"51":{"rect":{"x":207,"y":0,"width":69,"height":60},"xOffset":0,"yOffset":0,"xAdvance":69},"52":{"rect":{"x":276,"y":0,"width":69,"height":60},"xOffset":0,"yOffset":0,"xAdvance":69},"53":{"rect":{"x":345,"y":0,"width":69,"height":60},"xOffset":0,"yOffset":0,"xAdvance":69},"54":{"rect":{"x":414,"y":0,"width":69,"height":60},"xOffset":0,"yOffset":0,"xAdvance":69},"55":{"rect":{"x":483,"y":0,"width":69,"height":60},"xOffset":0,"yOffset":0,"xAdvance":69},"56":{"rect":{"x":552,"y":0,"width":69,"height":60},"xOffset":0,"yOffset":0,"xAdvance":69},"57":{"rect":{"x":621,"y":0,"width":69,"height":60},"xOffset":0,"yOffset":0,"xAdvance":69}},"kerningDict":{}}},{"__type__":"cc.SpriteFrame","content":{"name":"default_sprite_splash","texture":"02delMVqdBD70a/HSD99FK","rect":[0,0,2,2],"offset":[0,0],"originalSize":[2,2],"capInsets":[0,0,0,0]}},{"__type__":"cc.SpriteFrame","content":{"name":"桃1","texture":"80BrQDyu9PhJ0Z86rVYNs9","rect":[0,1,38,39],"offset":[0,-0.5],"originalSize":[38,40],"capInsets":[0,0,0,0]}},{"__type__":"cc.AudioClip","_name":"success","_native":".mp3"},{"__type__":"cc.SpriteFrame","content":{"name":"3","texture":"e9ROHL+p9Ix5DEwF/vMXb8","rect":[0,0,23,12],"offset":[0,0],"originalSize":[23,12],"capInsets":[0,0,0,0]}},{"__type__":"cc.SpriteFrame","content":{"name":"底","texture":"85YmfQaJFGYKKKPrEQv2OV","rect":[0,0,720,1280],"offset":[0,0],"originalSize":[720,1280],"capInsets":[0,0,0,0]}},{"__type__":"cc.SpriteFrame","content":{"name":"椰子","texture":"5foCZNrL9Ke4kjwQbsO5IV","rect":[0,0,308,308],"offset":[0,0],"originalSize":[308,308],"capInsets":[0,0,0,0]}},{"__type__":"cc.LabelAtlas","_name":"num1","spriteFrame":{"__uuid__":"622/O3s39CuoJnHkYMOSyE"},"fontSize":88,"_fntConfig":{"commonHeight":100,"fontSize":88,"atlasName":"数字","fontDefDictionary":{"48":{"rect":{"x":0,"y":0,"width":76,"height":100},"xOffset":0,"yOffset":0,"xAdvance":76},"49":{"rect":{"x":76,"y":0,"width":76,"height":100},"xOffset":0,"yOffset":0,"xAdvance":76},"50":{"rect":{"x":152,"y":0,"width":76,"height":100},"xOffset":0,"yOffset":0,"xAdvance":76},"51":{"rect":{"x":228,"y":0,"width":76,"height":100},"xOffset":0,"yOffset":0,"xAdvance":76},"52":{"rect":{"x":304,"y":0,"width":76,"height":100},"xOffset":0,"yOffset":0,"xAdvance":76},"53":{"rect":{"x":380,"y":0,"width":76,"height":100},"xOffset":0,"yOffset":0,"xAdvance":76},"54":{"rect":{"x":456,"y":0,"width":76,"height":100},"xOffset":0,"yOffset":0,"xAdvance":76},"55":{"rect":{"x":532,"y":0,"width":76,"height":100},"xOffset":0,"yOffset":0,"xAdvance":76},"56":{"rect":{"x":608,"y":0,"width":76,"height":100},"xOffset":0,"yOffset":0,"xAdvance":76},"57":{"rect":{"x":684,"y":0,"width":76,"height":100},"xOffset":0,"yOffset":0,"xAdvance":76}},"kerningDict":{}}},{"__type__":"cc.SpriteFrame","content":{"name":"柠檬","texture":"8eXVr1cI5KK5Z9V2W4QR5P","rect":[0,0,24,41],"offset":[0,0],"originalSize":[24,41],"capInsets":[0,0,0,0]}},{"__type__":"cc.AudioClip","_name":"炸","_native":".mp3"},[{"__type__":"cc.SceneAsset","_name":"MainGameScene","scene":{"__id__":1},"asyncLoadAssets":null},{"__type__":"cc.Scene","_name":"New Node","_children":[{"__id__":2}],"_active":false,"_anchorPoint":{"__type__":"cc.Vec2"},"_trs":{"__type__":"TypedArray","ctor":"Float64Array","array":[0,0,0,0,0,0,1,1,1,1]},"autoReleaseAssets":false},{"__type__":"cc.Node","_name":"Canvas","_parent":{"__id__":1},"_children":[{"__id__":3},{"__id__":4},{"__id__":5},{"__id__":6},{"__id__":7},{"__id__":9},{"__id__":11},{"__id__":24},{"__id__":12},{"__id__":25},{"__id__":29},{"__id__":17},{"__id__":18},{"__type__":"cc.Node","_name":"boxNode","_parent":{"__id__":2},"_active":false,"_trs":{"__type__":"TypedArray","ctor":"Float64Array","array":[0,100,0,0,0,0,1,1,1,1]}},{"__id__":23},{"__id__":21},{"__id__":36},{"__id__":74},{"__type__":"cc.Node","_name":"uiEffectPanel","_parent":{"__id__":2},"_trs":{"__type__":"TypedArray","ctor":"Float64Array","array":[0,0,0,0,0,0,1,1,1,1]},"_groupIndex":2,"groupIndex":2},{"__id__":75},{"__id__":115},{"__id__":116},{"__id__":117},{"__id__":118},{"__id__":119}],"_components":[{"__type__":"cc.Canvas","node":{"__id__":2},"_designResolution":{"__type__":"cc.Size","width":720,"height":1280},"_fitWidth":true,"_fitHeight":false},{"__type__":"fd2c5sUJdNElqycZdmzNC7g","node":{"__id__":2},"gameName":"HCDXGbate2"},{"__type__":"42678O0bOREZKAMjCljpxI3","node":{"__id__":2},"allPrefab":[{"__uuid__":"e3bjxRnSFHlIo730zmJ05G"},{"__uuid__":"6f6brJUGNIq5or2MhIexcM"},{"__uuid__":"18O7sCEFdCs6wh8eMgUQQy"}]},{"__type__":"c6f04DncqhJIoWmE4UojNVj","node":{"__id__":2},"adsbutton":[{"__uuid__":"95mhffC/VHl6BpDIlOMmEF"},{"__uuid__":"44CMk6I5BMHLKJXe1arCK4"}],"adsbutton2":[{"__uuid__":"ddPk35BrdEqJiAzXciE97I"},{"__uuid__":"ddPk35BrdEqJiAzXciE97I"}],"caidia":[{"__uuid__":"273daJCAFM1JF0aIe+1DSg"},{"__uuid__":"feTUujkOdEb7+9cpR1dFuO"},{"__uuid__":"a9e42cEw1GppMVPmx5PrjB"},{"__uuid__":"21vsDOZSFIy7SF46VmRGvH"},{"__uuid__":"81/anfz7NNVKCtHdbt8dla"},{"__uuid__":"dfHrD9xJpM1IG6WbQFKTUY"},{"__uuid__":"c58adhrhpCzId1+qaXpXxt"}],"fllows":[{"__uuid__":"273daJCAFM1JF0aIe+1DSg"},{"__uuid__":"feTUujkOdEb7+9cpR1dFuO"},{"__uuid__":"a9e42cEw1GppMVPmx5PrjB"},{"__uuid__":"21vsDOZSFIy7SF46VmRGvH"},{"__uuid__":"f0B4aheHVKL6NNsLTGY4uJ"},{"__uuid__":"dfHrD9xJpM1IG6WbQFKTUY"},{"__uuid__":"97fH7DOHpEYpUcBUz6T56S"}],"fruit":[{"__uuid__":"7aS72ysl9BFr71LrnltqNd"},{"__uuid__":"52Y5MJGGpDUbP9BPQy9ONn"},{"__uuid__":"4dVswl8VBIjIIWWNoagmMF"},{"__uuid__":"cb/uEilxpFCb2uQZcRS6yt"},{"__uuid__":"71f749wF5JS4DoUc6NPv0v"},{"__uuid__":"ddT/2edhlFc7ktWmTjlItk"},{"__uuid__":"91zjFPskxDTY5P38wP5J9h"},{"__uuid__":"45WPdMDVNEeYYJmK/WEvRQ"},{"__uuid__":"afGNetS8tNiL0OzlLNx/6n"},{"__uuid__":"06d8KbeyFHs5nOlrC061nY"},{"__uuid__":"97oZBSEUJIdaizDAnWmg+q"}],"guozhiZ":[{"__uuid__":"4aAmHV30tL8qqOcoFb/9+7"},{"__uuid__":"f8SbpaKgpMsqUXz3OSmLDR"},{"__uuid__":"44GmLOMUhKr6Ju9ZvDwX5M"},{"__uuid__":"eaoRD6wn9L8ZvoFaS/Q4if"},{"__uuid__":"eeL6kypIhJZ54/EzR7ZlEv"},{"__uuid__":"14zuaqccFAwrYycNdXqwyc"},{"__uuid__":"87XaaOHkxEPLjSxc9/bRQw"},{"__uuid__":"4axc2oXOpDv4Pj7dHd6oVN"},{"__uuid__":"7483eySmpO1oAoBaf0Zg1z"},{"__uuid__":"3bb1xx+nlLNIBodJF+NY8V"},{"__uuid__":"3bb1xx+nlLNIBodJF+NY8V"}],"guozhiL":[{"__uuid__":"9euT2Fb7FM0bETbspmyCDb"},{"__uuid__":"6cF0aL6NNIBLv2vHfvpMin"},{"__uuid__":"dfv22zjMBB17xkb0BRRalR"},{"__uuid__":"9dMQc1a3JEM4phWNuFFiqV"},{"__uuid__":"4f54o3c71D/ISx6BQ2Kjob"},{"__uuid__":"f7I1Im7HNJRZs40j48Q/dD"},{"__uuid__":"a4MaampVJNALtYMNamUFFY"},{"__uuid__":"2dK7ELxBtAjIY2QqFDgPv8"},{"__uuid__":"18VYz40WlC559J4uoYkyvh"},{"__uuid__":"630AG9sFBPp7NO1HxfJGG2"},{"__uuid__":"630AG9sFBPp7NO1HxfJGG2"}],"fruitL":[{"__uuid__":"33PQT1T9RFL56FTz0EzFZL"},{"__uuid__":"d58kwgSV9H0oNLRR8gTPdu"},{"__uuid__":"66cgReSWFLu4xMm/mtN/aG"},{"__uuid__":"b0oMPq6yVOg6pTzTRP+oDT"},{"__uuid__":"30A8BT8/xDfZ5M3d5atego"},{"__uuid__":"e7l11YnBxGbbRs3B6mjs2s"},{"__uuid__":"f6ZjdhdJxLfZyh9uITVQMn"},{"__uuid__":"73rtTIsu5B9bZ6sByTSKFK"},{"__uuid__":"04ng7y4NFDYLe8ISlFRyOl"},{"__uuid__":"d0cbfgUeJBu6n4xGbetPPe"},{"__uuid__":"d0cbfgUeJBu6n4xGbetPPe"}]},{"__type__":"e94b9uwJsJB94QZmqCRpyTe","node":{"__id__":2},"downEffectPartiParent":{"__id__":23},"upEffectPartiParent":{"__id__":74},"uiEffectParent":{"__id__":115},"cameraNode":{"__id__":4}},{"__type__":"0e7a8SkMLxEY7nCB1Bqi8WZ","node":{"__id__":2},"sceneScore":{"__id__":33},"gameOverT1":{"__id__":8},"gameOverT2":{"__id__":10},"gameOverToEnd":{"__id__":6}},{"__type__":"cc.Graphics","node":{"__id__":2},"_materials":[{"__uuid__":"6fgBCSDDdPMInvyNlggls2"}],"_lineWidth":3,"_strokeColor":{"__type__":"cc.Color","r":151,"g":127,"b":127},"_lineJoin":1,"_lineCap":1}],"_contentSize":{"__type__":"cc.Size","width":720,"height":1280},"_trs":{"__type__":"TypedArray","ctor":"Float64Array","array":[360,640,0,0,0,0,1,1,1,1]},"_id":"c72wX77AxNjoGQfkwyY22D"},{"__type__":"cc.Node","_name":"Bg Camera","_parent":{"__id__":2},"_components":[{"__type__":"cc.Camera","node":{"__id__":3},"_cullingMask":2,"_clearFlags":7,"_depth":-2,"_nearClip":0.1}],"_trs":{"__type__":"TypedArray","ctor":"Float64Array","array":[0,0,404.39500558659046,0,0,0,1,1,1,1]},"_groupIndex":1,"groupIndex":1},{"__type__":"cc.Node","_name":"Main Camera","_parent":{"__id__":2},"_components":[{"__type__":"cc.Camera","node":{"__id__":4},"_cullingMask":249,"_nearClip":0.1},{"__type__":"cc.BoxCollider","node":{"__id__":4},"_offset":{"__type__":"cc.Vec2","x":380},"_size":{"__type__":"cc.Size","width":10,"height":1280}},{"__type__":"cc.BoxCollider","node":{"__id__":4},"_offset":{"__type__":"cc.Vec2","x":-380},"_size":{"__type__":"cc.Size","width":10,"height":1280}},{"__type__":"cc.BoxCollider","node":{"__id__":4},"_offset":{"__type__":"cc.Vec2","y":660},"_size":{"__type__":"cc.Size","width":720,"height":10}},{"__type__":"cc.BoxCollider","node":{"__id__":4},"_offset":{"__type__":"cc.Vec2","y":-660},"_size":{"__type__":"cc.Size","width":720,"height":10}}],"_trs":{"__type__":"TypedArray","ctor":"Float64Array","array":[0,0,404.39500558659046,0,0,0,1,1,1,1]}},{"__type__":"cc.Node","_name":"Ui Camera","_parent":{"__id__":2},"_components":[{"__type__":"cc.Camera","node":{"__id__":5},"_cullingMask":4,"_depth":2,"_nearClip":0.1}],"_trs":{"__type__":"TypedArray","ctor":"Float64Array","array":[0,0,404.39500558659046,0,0,0,1,1,1,1]},"_groupIndex":2,"groupIndex":2},{"__type__":"cc.Node","_name":"gameOverToEnd","_parent":{"__id__":2},"_components":[{"__type__":"cc.Button","node":{"__id__":6},"_enabled":false,"clickEvents":[{"__type__":"cc.ClickEvent","target":{"__id__":2},"_componentId":"0e7a8SkMLxEY7nCB1Bqi8WZ","handler":"initEndLayer"}],"_N$target":{"__id__":6}},{"__type__":"cc.Sprite","node":{"__id__":6},"_materials":[{"__uuid__":"ecpdLyjvZBwrvm+cedCcQy"}],"_spriteFrame":{"__uuid__":"a2MjXRFdtLlYQ5ouAFv/+R"},"_sizeMode":0}],"_opacity":0,"_color":{"__type__":"cc.Color"},"_contentSize":{"__type__":"cc.Size","width":720,"height":2000},"_trs":{"__type__":"TypedArray","ctor":"Float64Array","array":[0,0,0,0,0,0,1,1,1,1]},"_groupIndex":2,"groupIndex":2},{"__type__":"cc.Node","_name":"gameOverTex","_parent":{"__id__":2},"_components":[{"__id__":8}],"_contentSize":{"__type__":"cc.Size","width":338.34,"height":100.8},"_trs":{"__type__":"TypedArray","ctor":"Float64Array","array":[0,1096.228,0,0,0,0,1,1,1,1]},"_groupIndex":2,"groupIndex":2},{"__type__":"cc.Label","node":{"__id__":7},"_materials":[{"__uuid__":"ecpdLyjvZBwrvm+cedCcQy"}],"_useOriginalSize":false,"_string":"游 戏 结 束","_N$string":"游 戏 结 束","_fontSize":70,"_lineHeight":80,"_N$horizontalAlign":1,"_N$verticalAlign":1},{"__type__":"cc.Node","_name":"gameOverTex2","_parent":{"__id__":2},"_components":[{"__id__":10}],"_contentSize":{"__type__":"cc.Size","width":240,"height":50.4},"_trs":{"__type__":"TypedArray","ctor":"Float64Array","array":[0,1196.228,0,0,0,0,1,1,1,1]},"_groupIndex":2,"groupIndex":2},{"__type__":"cc.Label","node":{"__id__":9},"_materials":[{"__uuid__":"ecpdLyjvZBwrvm+cedCcQy"}],"_useOriginalSize":false,"_string":"点击查看成绩","_N$string":"点击查看成绩","_N$horizontalAlign":1,"_N$verticalAlign":1},{"__type__":"cc.Node","_name":"gameManager","_parent":{"__id__":2},"_components":[{"__type__":"e5ba8qbQSBBz6Xl6OzdDwcL","node":{"__id__":11}},{"__type__":"922f3dsGCZCHbXJvwDr0rdF","node":{"__id__":11},"bgLayer":{"__id__":12},"bgCamera":{"__id__":3},"mainCamera":{"__id__":4},"fruitNode":{"__id__":17},"lineNode":{"__id__":18},"bazieffect":{"__id__":21},"downEffect":{"__id__":23},"fruitPre":{"__uuid__":"e3bjxRnSFHlIo730zmJ05G"}},{"__type__":"cc.Graphics","node":{"__id__":11},"_materials":[{"__uuid__":"6fgBCSDDdPMInvyNlggls2"}],"_lineWidth":5,"_strokeColor":{"__type__":"cc.Color","r":255,"g":255,"b":255,"a":160},"_lineJoin":1,"_lineCap":1}],"_trs":{"__type__":"TypedArray","ctor":"Float64Array","array":[0,0,0,0,0,0,1,1,1,1]}},{"__type__":"cc.Node","_name":"bgLayer","_parent":{"__id__":2},"_children":[{"__id__":13},{"__id__":14},{"__id__":15},{"__id__":16}],"_components":[{"__type__":"cc.Sprite","node":{"__id__":12},"_materials":[{"__uuid__":"ecpdLyjvZBwrvm+cedCcQy"}],"_spriteFrame":{"__uuid__":"ael56Iw8NBcYnb/PbiUUPe"},"_type":1,"_sizeMode":0}],"_contentSize":{"__type__":"cc.Size","width":720,"height":1280},"_trs":{"__type__":"TypedArray","ctor":"Float64Array","array":[0,0,0,0,0,0,1,1,1,1]},"_groupIndex":1,"groupIndex":1},{"__type__":"cc.Node","_name":"wall","_parent":{"__id__":12},"_active":false,"_components":[{"__type__":"cc.Sprite","node":{"__id__":13},"_materials":[{"__uuid__":"ecpdLyjvZBwrvm+cedCcQy"}],"_type":1,"_sizeMode":0},{"__type__":"cc.RigidBody","node":{"__id__":13},"_type":0,"_linearDamping":0.5,"_angularDamping":1},{"__type__":"0fe07DOz8VMcYKlDM2VxHhQ","node":{"__id__":13},"type":1}],"_contentSize":{"__type__":"cc.Size","width":719,"height":1280},"_anchorPoint":{"__type__":"cc.Vec2","x":0.5},"_trs":{"__type__":"TypedArray","ctor":"Float64Array","array":[0,-623.575,0,0,0,0,1,1,1,1]},"_groupIndex":3,"groupIndex":3},{"__type__":"cc.Node","_name":"left","_parent":{"__id__":12},"_components":[{"__type__":"cc.RigidBody","node":{"__id__":14},"_type":0},{"__type__":"cc.PhysicsBoxCollider","node":{"__id__":14},"_size":{"__type__":"cc.Size","width":25,"height":1280}}],"_contentSize":{"__type__":"cc.Size","width":25,"height":1280},"_trs":{"__type__":"TypedArray","ctor":"Float64Array","array":[-373,0,0,0,0,0,1,1,1,1]},"_groupIndex":3,"groupIndex":3},{"__type__":"cc.Node","_name":"right","_parent":{"__id__":12},"_components":[{"__type__":"cc.RigidBody","node":{"__id__":15},"_type":0},{"__type__":"cc.PhysicsBoxCollider","node":{"__id__":15},"_size":{"__type__":"cc.Size","width":25,"height":1280}}],"_contentSize":{"__type__":"cc.Size","width":25,"height":1280},"_trs":{"__type__":"TypedArray","ctor":"Float64Array","array":[373,0,0,0,0,0,1,1,1,1]},"_groupIndex":3,"groupIndex":3},{"__type__":"cc.Node","_name":"down","_parent":{"__id__":12},"_components":[{"__type__":"cc.RigidBody","node":{"__id__":16},"_type":0},{"__type__":"cc.PhysicsBoxCollider","node":{"__id__":16},"_size":{"__type__":"cc.Size","width":720,"height":500}},{"__type__":"cc.Sprite","node":{"__id__":16},"_materials":[{"__uuid__":"ecpdLyjvZBwrvm+cedCcQy"}],"_spriteFrame":{"__uuid__":"cdvOUzNRVCU6GOjRXJmpWn"},"_type":1,"_sizeMode":0}],"_contentSize":{"__type__":"cc.Size","width":720,"height":500},"_trs":{"__type__":"TypedArray","ctor":"Float64Array","array":[0,-778.332,0,0,0,0,1,1,1,1]},"_groupIndex":6,"groupIndex":6},{"__type__":"cc.Node","_name":"fruitNode","_parent":{"__id__":2},"_trs":{"__type__":"TypedArray","ctor":"Float64Array","array":[0,491.357,0,0,0,0,1,1,1,1]}},{"__type__":"cc.Node","_name":"lineNode","_parent":{"__id__":2},"_children":[{"__id__":19},{"__id__":20}],"_trs":{"__type__":"TypedArray","ctor":"Float64Array","array":[0,491.357,0,0,0,0,1,1,1,1]}},{"__type__":"cc.Node","_name":"虚线","_parent":{"__id__":18},"_components":[{"__type__":"cc.Sprite","node":{"__id__":19},"_materials":[{"__uuid__":"ecpdLyjvZBwrvm+cedCcQy"}],"_spriteFrame":{"__uuid__":"ddUbctRn9GrrDwlyxtHcNy"}},{"__type__":"0fe07DOz8VMcYKlDM2VxHhQ","node":{"__id__":19},"offset":-680}],"_contentSize":{"__type__":"cc.Size","width":711,"height":8},"_trs":{"__type__":"TypedArray","ctor":"Float64Array","array":[0,-50,0,0,0,0,1,1,1,1]}},{"__type__":"cc.Node","_name":"pos","_parent":{"__id__":18},"_components":[{"__type__":"0fe07DOz8VMcYKlDM2VxHhQ","node":{"__id__":20},"offset":-580}],"_trs":{"__type__":"TypedArray","ctor":"Float64Array","array":[0,0,0,0,0,0,1,1,1,1]}},{"__type__":"cc.Node","_name":"upEffectParent","_parent":{"__id__":2},"_children":[{"__id__":22}],"_trs":{"__type__":"TypedArray","ctor":"Float64Array","array":[0,491.357,0,0,0,0,1,1,1,1]}},{"__type__":"cc.Node","_name":"daxigua","_parent":{"__id__":21},"_active":false,"_components":[{"__type__":"cc.Sprite","node":{"__id__":22},"_materials":[{"__uuid__":"ecpdLyjvZBwrvm+cedCcQy"}],"_spriteFrame":{"__uuid__":"a2MjXRFdtLlYQ5ouAFv/+R"},"_sizeMode":0}],"_opacity":150,"_color":{"__type__":"cc.Color"},"_contentSize":{"__type__":"cc.Size","width":720,"height":2500},"_trs":{"__type__":"TypedArray","ctor":"Float64Array","array":[0,0,0,0,0,0,1,1,1,1]}},{"__type__":"cc.Node","_name":"downEffParent","_parent":{"__id__":2},"_trs":{"__type__":"TypedArray","ctor":"Float64Array","array":[0,491.357,0,0,0,0,1,1,1,1]}},{"__type__":"cc.Node","_name":"audioManager","_parent":{"__id__":2},"_components":[{"__type__":"3db2d9MuTtO8JRQKnPm9kfu","node":{"__id__":24},"audioClip":[null,{"__uuid__":"d2y1pPEzROq4V4p2qgKGRO"},null,{"__uuid__":"f2asWmuOFID7dBzwYIuDuw"},{"__uuid__":"a7Q5CubWhI0a029lKkO4aU"},{"__uuid__":"d3FK71kg1E9KomQjw2ZKzG"},{"__uuid__":"bbVMxP2gVDD74JoNq2RzVi"}]}],"_trs":{"__type__":"TypedArray","ctor":"Float64Array","array":[0,0,0,0,0,0,1,1,1,1]}},{"__type__":"cc.Node","_name":"inputNode","_parent":{"__id__":2},"_children":[{"__id__":26}],"_components":[{"__type__":"2fb79pURUZExoy/hAOtHdvz","node":{"__id__":25},"Rocker":{"__id__":26},"stick":{"__id__":28}}],"_contentSize":{"__type__":"cc.Size","width":720,"height":1280},"_trs":{"__type__":"TypedArray","ctor":"Float64Array","array":[0,0,0,0,0,0,1,1,1,1]},"_groupIndex":2,"groupIndex":2},{"__type__":"cc.Node","_name":"Rocker","_parent":{"__id__":25},"_children":[{"__id__":27},{"__id__":28}],"_components":[{"__type__":"8d9fdeeLCdEi5Zh0PNydB+G","node":{"__id__":26},"stick":{"__id__":28}}],"_opacity":0,"_trs":{"__type__":"TypedArray","ctor":"Float64Array","array":[0,-449.681,0,0,0,0,1,1,1,1]}},{"__type__":"cc.Node","_name":"rock_bg","_parent":{"__id__":26},"_components":[{"__type__":"cc.Sprite","node":{"__id__":27},"_materials":[{"__uuid__":"ecpdLyjvZBwrvm+cedCcQy"}],"_spriteFrame":{"__uuid__":"61QEQLRKdJTqxqnXU3cJ9o"}}],"_opacity":54,"_contentSize":{"__type__":"cc.Size","width":224,"height":224},"_trs":{"__type__":"TypedArray","ctor":"Float64Array","array":[0,0,0,0,0,0,1,1,1,1]}},{"__type__":"cc.Node","_name":"stick","_parent":{"__id__":26},"_components":[{"__type__":"cc.Sprite","node":{"__id__":28},"_materials":[{"__uuid__":"ecpdLyjvZBwrvm+cedCcQy"}],"_spriteFrame":{"__uuid__":"4bJHCUiMZAkJWPSuSfgqWX"}}],"_opacity":77,"_contentSize":{"__type__":"cc.Size","width":89,"height":89},"_trs":{"__type__":"TypedArray","ctor":"Float64Array","array":[0,0,0,0,0,0,1,1,1,1]}},{"__type__":"cc.Node","_name":"scorePanel","_parent":{"__id__":2},"_children":[{"__id__":30},{"__id__":34}],"_components":[{"__type__":"cc.Sprite","node":{"__id__":29},"_materials":[{"__uuid__":"ecpdLyjvZBwrvm+cedCcQy"}]}],"_contentSize":{"__type__":"cc.Size","width":208,"height":82},"_trs":{"__type__":"TypedArray","ctor":"Float64Array","array":[-256.781,800,0,0,0,0,1,1,1,1]}},{"__type__":"cc.Node","_name":"gameScore","_parent":{"__id__":29},"_children":[{"__id__":31},{"__id__":32}],"_components":[{"__id__":33}],"_contentSize":{"__type__":"cc.Size","width":76.15,"height":69.23},"_anchorPoint":{"__type__":"cc.Vec2","y":0.5},"_trs":{"__type__":"TypedArray","ctor":"Float64Array","array":[-64.195,-0.553,0,0,0,0,1,0.8,0.8,1]}},{"__type__":"cc.Node","_name":"km","_parent":{"__id__":30},"_active":false,"_components":[{"__type__":"cc.Sprite","node":{"__id__":31},"_materials":[{"__uuid__":"ecpdLyjvZBwrvm+cedCcQy"}]}],"_contentSize":{"__type__":"cc.Size","width":112,"height":60},"_anchorPoint":{"__type__":"cc.Vec2","y":0.5},"_trs":{"__type__":"TypedArray","ctor":"Float64Array","array":[3.542,0,0,0,0,0,1,1,1,1]}},{"__type__":"cc.Node","_name":"m","_parent":{"__id__":30},"_active":false,"_components":[{"__type__":"cc.Sprite","node":{"__id__":32},"_materials":[{"__uuid__":"ecpdLyjvZBwrvm+cedCcQy"}]}],"_contentSize":{"__type__":"cc.Size","width":64,"height":44},"_trs":{"__type__":"TypedArray","ctor":"Float64Array","array":[85,-10.627,0,0,0,0,1,1,1,1]}},{"__type__":"cc.Label","node":{"__id__":30},"_materials":[{"__uuid__":"ecpdLyjvZBwrvm+cedCcQy"}],"_useOriginalSize":false,"_string":"0","_N$string":"0","_fontSize":60,"_lineHeight":60,"_N$file":{"__uuid__":"2apY4h391HdqhtGzSmqh4x"},"_isSystemFontUsed":false,"_spacingX":-10,"_N$horizontalAlign":1},{"__type__":"cc.Node","_name":"adsButton","_parent":{"__id__":29},"_children":[{"__id__":35}],"_components":[{"__type__":"cc.Button","node":{"__id__":34},"_normalMaterial":{"__uuid__":"ecpdLyjvZBwrvm+cedCcQy"},"clickEvents":[{"__type__":"cc.ClickEvent","target":{"__id__":36},"_componentId":"47901xGYuJBULv7U12/mbpk","handler":"adsButtonFunc"}],"_N$transition":3,"transition":3,"_N$target":{"__id__":34}}],"_contentSize":{"__type__":"cc.Size","width":200,"height":200},"_trs":{"__type__":"TypedArray","ctor":"Float64Array","array":[538.823,-1.553,0,0,0,0,1,0.7,0.7,1]}},{"__type__":"cc.Node","_name":"icon3","_parent":{"__id__":34},"_components":[{"__type__":"cc.Sprite","node":{"__id__":35},"_materials":[{"__uuid__":"ecpdLyjvZBwrvm+cedCcQy"}],"_spriteFrame":{"__uuid__":"95mhffC/VHl6BpDIlOMmEF"}}],"_contentSize":{"__type__":"cc.Size","width":139,"height":133},"_trs":{"__type__":"TypedArray","ctor":"Float64Array","array":[0,0,0,0,0,0,1,1,1,1]}},{"__type__":"cc.Node","_name":"mainGameUi","_parent":{"__id__":2},"_children":[{"__id__":37},{"__id__":38},{"__id__":42},{"__id__":48},{"__id__":55},{"__id__":60},{"__id__":73}],"_components":[{"__type__":"47901xGYuJBULv7U12/mbpk","node":{"__id__":36},"mainCamera":{"__id__":4},"bgLayer":{"__id__":12},"scoreLabel":{"__id__":33},"scorePanel":{"__id__":29},"guidePanel":{"__id__":55},"injuredPanel":{"__id__":73},"levelPanel":{"__id__":38},"levelProgress":{"__id__":42},"heartPanel":{"__id__":48},"congratulation":{"__id__":60},"adsButton":{"__id__":34}}],"_trs":{"__type__":"TypedArray","ctor":"Float64Array","array":[0,0,0,0,0,0,1,1,1,1]},"_groupIndex":2,"groupIndex":2},{"__type__":"cc.Node","_name":"New Node","_parent":{"__id__":36},"_components":[{"__type__":"0fe07DOz8VMcYKlDM2VxHhQ","node":{"__id__":37},"offset":-50}],"_trs":{"__type__":"TypedArray","ctor":"Float64Array","array":[0,0,0,0,0,0,1,1,1,1]}},{"__type__":"cc.Node","_name":"levelPanel","_parent":{"__id__":36},"_children":[{"__id__":39},{"__id__":40},{"__id__":41}],"_active":false,"_trs":{"__type__":"TypedArray","ctor":"Float64Array","array":[0,680,0,0,0,0,1,1,1,1]},"_groupIndex":2,"groupIndex":2},{"__type__":"cc.Node","_name":"di","_parent":{"__id__":38},"_components":[{"__type__":"cc.Sprite","node":{"__id__":39},"_materials":[{"__uuid__":"ecpdLyjvZBwrvm+cedCcQy"}]}],"_contentSize":{"__type__":"cc.Size","width":68,"height":57},"_trs":{"__type__":"TypedArray","ctor":"Float64Array","array":[-70,0,0,0,0,0,1,0.8,0.8,1]}},{"__type__":"cc.Node","_name":"levelNum","_parent":{"__id__":38},"_components":[{"__type__":"cc.Label","node":{"__id__":40},"_materials":[{"__uuid__":"ecpdLyjvZBwrvm+cedCcQy"}],"_useOriginalSize":false,"_string":"10","_N$string":"10","_fontSize":30,"_lineHeight":50,"_N$file":{"__uuid__":"af6GiovU1ADoud5e2OKPeT"},"_isSystemFontUsed":false,"_spacingX":-15,"_N$horizontalAlign":1,"_N$verticalAlign":1}],"_contentSize":{"__type__":"cc.Size","width":72.91,"height":34.88},"_trs":{"__type__":"TypedArray","ctor":"Float64Array","array":[0,0,0,0,0,0,1,1,1,1]}},{"__type__":"cc.Node","_name":"guan","_parent":{"__id__":38},"_components":[{"__type__":"cc.Sprite","node":{"__id__":41},"_materials":[{"__uuid__":"ecpdLyjvZBwrvm+cedCcQy"}]}],"_contentSize":{"__type__":"cc.Size","width":69,"height":57},"_trs":{"__type__":"TypedArray","ctor":"Float64Array","array":[70,0,0,0,0,0,1,0.8,0.8,1]}},{"__type__":"cc.Node","_name":"levelProgress","_parent":{"__id__":36},"_children":[{"__id__":43},{"__id__":45}],"_active":false,"_trs":{"__type__":"TypedArray","ctor":"Float64Array","array":[240,680,0,0,0,0,1,1,1,1]},"_groupIndex":2,"groupIndex":2},{"__type__":"cc.Node","_name":"Progress","_parent":{"__id__":42},"_children":[{"__id__":44}],"_components":[{"__type__":"cc.Sprite","node":{"__id__":43},"_materials":[{"__uuid__":"ecpdLyjvZBwrvm+cedCcQy"}]}],"_contentSize":{"__type__":"cc.Size","width":237,"height":57},"_trs":{"__type__":"TypedArray","ctor":"Float64Array","array":[0,0,0,0,0,0,1,1,1,1]}},{"__type__":"cc.Node","_name":"bar","_parent":{"__id__":43},"_components":[{"__type__":"cc.Sprite","node":{"__id__":44},"_materials":[{"__uuid__":"ecpdLyjvZBwrvm+cedCcQy"}],"_type":3}],"_contentSize":{"__type__":"cc.Size","width":237,"height":57},"_trs":{"__type__":"TypedArray","ctor":"Float64Array","array":[0,0,0,0,0,0,1,1,1,1]}},{"__type__":"cc.Node","_name":"levelProgress","_parent":{"__id__":42},"_children":[{"__id__":46}],"_active":false,"_components":[{"__type__":"cc.Sprite","node":{"__id__":45},"_materials":[{"__uuid__":"ecpdLyjvZBwrvm+cedCcQy"}],"_type":1,"_sizeMode":0},{"__type__":"cc.ProgressBar","node":{"__id__":45},"_N$totalLength":400,"_N$barSprite":{"__id__":47},"_N$progress":0}],"_contentSize":{"__type__":"cc.Size","width":400,"height":32},"_trs":{"__type__":"TypedArray","ctor":"Float64Array","array":[0,-43.651,0,0,0,0,1,1,1,1]}},{"__type__":"cc.Node","_name":"bar","_parent":{"__id__":45},"_components":[{"__id__":47}],"_contentSize":{"__type__":"cc.Size","height":32},"_anchorPoint":{"__type__":"cc.Vec2","y":0.5},"_trs":{"__type__":"TypedArray","ctor":"Float64Array","array":[-200.061,0,0,0,0,0,1,1,1,1]}},{"__type__":"cc.Sprite","node":{"__id__":46},"_materials":[{"__uuid__":"ecpdLyjvZBwrvm+cedCcQy"}],"_type":1,"_sizeMode":0},{"__type__":"cc.Node","_name":"heartPanel","_parent":{"__id__":36},"_children":[{"__id__":49},{"__id__":51},{"__id__":53}],"_active":false,"_components":[{"__type__":"cc.Layout","node":{"__id__":48},"_layoutSize":{"__type__":"cc.Size","width":200,"height":50},"_N$layoutType":1,"_N$paddingLeft":10,"_N$spacingX":10}],"_contentSize":{"__type__":"cc.Size","width":200,"height":50},"_trs":{"__type__":"TypedArray","ctor":"Float64Array","array":[-240,680,0,0,0,0,1,1,1,1]}},{"__type__":"cc.Node","_name":"heart1","_parent":{"__id__":48},"_children":[{"__id__":50}],"_components":[{"__type__":"cc.Sprite","node":{"__id__":49},"_materials":[{"__uuid__":"ecpdLyjvZBwrvm+cedCcQy"}]}],"_color":{"__type__":"cc.Color"},"_contentSize":{"__type__":"cc.Size","width":41,"height":72},"_trs":{"__type__":"TypedArray","ctor":"Float64Array","array":[-69.5,0,0,0,0,0,1,1,1,1]}},{"__type__":"cc.Node","_name":"心","_parent":{"__id__":49},"_components":[{"__type__":"cc.Sprite","node":{"__id__":50},"_materials":[{"__uuid__":"ecpdLyjvZBwrvm+cedCcQy"}]}],"_contentSize":{"__type__":"cc.Size","width":41,"height":72},"_trs":{"__type__":"TypedArray","ctor":"Float64Array","array":[0,0,0,0,0,0,1,1,1,1]}},{"__type__":"cc.Node","_name":"heart2","_parent":{"__id__":48},"_children":[{"__id__":52}],"_components":[{"__type__":"cc.Sprite","node":{"__id__":51},"_materials":[{"__uuid__":"ecpdLyjvZBwrvm+cedCcQy"}]}],"_color":{"__type__":"cc.Color"},"_contentSize":{"__type__":"cc.Size","width":41,"height":72},"_trs":{"__type__":"TypedArray","ctor":"Float64Array","array":[-18.5,0,0,0,0,0,1,1,1,1]}},{"__type__":"cc.Node","_name":"心","_parent":{"__id__":51},"_components":[{"__type__":"cc.Sprite","node":{"__id__":52},"_materials":[{"__uuid__":"ecpdLyjvZBwrvm+cedCcQy"}]}],"_contentSize":{"__type__":"cc.Size","width":41,"height":72},"_trs":{"__type__":"TypedArray","ctor":"Float64Array","array":[0,0,0,0,0,0,1,1,1,1]}},{"__type__":"cc.Node","_name":"heart3","_parent":{"__id__":48},"_children":[{"__id__":54}],"_components":[{"__type__":"cc.Sprite","node":{"__id__":53},"_materials":[{"__uuid__":"ecpdLyjvZBwrvm+cedCcQy"}]}],"_color":{"__type__":"cc.Color"},"_contentSize":{"__type__":"cc.Size","width":41,"height":72},"_trs":{"__type__":"TypedArray","ctor":"Float64Array","array":[32.5,0,0,0,0,0,1,1,1,1]}},{"__type__":"cc.Node","_name":"心","_parent":{"__id__":53},"_components":[{"__type__":"cc.Sprite","node":{"__id__":54},"_materials":[{"__uuid__":"ecpdLyjvZBwrvm+cedCcQy"}]}],"_contentSize":{"__type__":"cc.Size","width":41,"height":72},"_trs":{"__type__":"TypedArray","ctor":"Float64Array","array":[0,0,0,0,0,0,1,1,1,1]}},{"__type__":"cc.Node","_name":"guidePanel","_parent":{"__id__":36},"_children":[{"__id__":56},{"__id__":57},{"__id__":58},{"__id__":59}],"_active":false,"_trs":{"__type__":"TypedArray","ctor":"Float64Array","array":[0,0,0,0,0,0,1,1,1,1]}},{"__type__":"cc.Node","_name":"guideHand","_parent":{"__id__":55},"_components":[{"__type__":"cc.Sprite","node":{"__id__":56},"_materials":[{"__uuid__":"ecpdLyjvZBwrvm+cedCcQy"}]},{"__type__":"cc.Animation","node":{"__id__":56},"_defaultClip":{"__uuid__":"d5JOsCr1JCF5Rf11pIZNjy"},"_clips":[{"__uuid__":"d5JOsCr1JCF5Rf11pIZNjy"}],"playOnLoad":true}],"_contentSize":{"__type__":"cc.Size","width":73,"height":80},"_anchorPoint":{"__type__":"cc.Vec2","x":0.16226027397260273,"y":0.8784},"_trs":{"__type__":"TypedArray","ctor":"Float64Array","array":[0,-51.634,0,0,0,0,1,1,1,1]}},{"__type__":"cc.Node","_name":"箭头 右划","_parent":{"__id__":55},"_active":false,"_components":[{"__type__":"cc.Sprite","node":{"__id__":57},"_materials":[{"__uuid__":"ecpdLyjvZBwrvm+cedCcQy"}]}],"_contentSize":{"__type__":"cc.Size","width":300,"height":87},"_trs":{"__type__":"TypedArray","ctor":"Float64Array","array":[170,-265.196,0,0,0,0,1,1,1,1]}},{"__type__":"cc.Node","_name":"箭头左划","_parent":{"__id__":55},"_active":false,"_components":[{"__type__":"cc.Sprite","node":{"__id__":58},"_materials":[{"__uuid__":"ecpdLyjvZBwrvm+cedCcQy"}]}],"_contentSize":{"__type__":"cc.Size","width":300,"height":87},"_trs":{"__type__":"TypedArray","ctor":"Float64Array","array":[-170,-265.196,0,0,0,0,1,1,1,1]}},{"__type__":"cc.Node","_name":"label","_parent":{"__id__":55},"_components":[{"__type__":"cc.Label","node":{"__id__":59},"_materials":[{"__uuid__":"ecpdLyjvZBwrvm+cedCcQy"}],"_useOriginalSize":false,"_string":"点击屏幕 ","_N$string":"点击屏幕 ","_N$horizontalAlign":1,"_N$verticalAlign":1}],"_contentSize":{"__type__":"cc.Size","width":171.11,"height":50.4},"_trs":{"__type__":"TypedArray","ctor":"Float64Array","array":[12,-13,0,0,0,0,1,1,1,1]}},{"__type__":"cc.Node","_name":"congratulation","_parent":{"__id__":36},"_children":[{"__id__":61},{"__id__":62},{"__id__":72}],"_active":false,"_trs":{"__type__":"TypedArray","ctor":"Float64Array","array":[0,0,0,0,0,0,1,1,1,1]}},{"__type__":"cc.Node","_name":"bg","_parent":{"__id__":60},"_components":[{"__type__":"cc.Sprite","node":{"__id__":61},"_materials":[{"__uuid__":"ecpdLyjvZBwrvm+cedCcQy"}],"_spriteFrame":{"__uuid__":"a2MjXRFdtLlYQ5ouAFv/+R"},"_sizeMode":0}],"_opacity":150,"_color":{"__type__":"cc.Color"},"_contentSize":{"__type__":"cc.Size","width":720,"height":2000},"_trs":{"__type__":"TypedArray","ctor":"Float64Array","array":[0,0,0,0,0,0,1,1,1,1]}},{"__type__":"cc.Node","_name":"panel","_parent":{"__id__":60},"_children":[{"__id__":63},{"__id__":68},{"__id__":71}],"_components":[{"__type__":"cc.Sprite","node":{"__id__":62},"_materials":[{"__uuid__":"ecpdLyjvZBwrvm+cedCcQy"}]}],"_contentSize":{"__type__":"cc.Size","width":578,"height":377},"_trs":{"__type__":"TypedArray","ctor":"Float64Array","array":[0,0,0,0,0,0,1,0,0,1]}},{"__type__":"cc.Node","_name":"隔断1","_parent":{"__id__":62},"_children":[{"__id__":64},{"__id__":65},{"__id__":66},{"__id__":67}],"_components":[{"__type__":"cc.Sprite","node":{"__id__":63},"_materials":[{"__uuid__":"ecpdLyjvZBwrvm+cedCcQy"}]}],"_contentSize":{"__type__":"cc.Size","width":43,"height":43},"_trs":{"__type__":"TypedArray","ctor":"Float64Array","array":[0,-53.958,0,0,0,0,1,1,1,1]}},{"__type__":"cc.Node","_name":"隔断2 copy","_parent":{"__id__":63},"_components":[{"__type__":"cc.Sprite","node":{"__id__":64},"_materials":[{"__uuid__":"ecpdLyjvZBwrvm+cedCcQy"}]}],"_contentSize":{"__type__":"cc.Size","width":43,"height":43},"_trs":{"__type__":"TypedArray","ctor":"Float64Array","array":[-90.818,0,0,0,0,0,1,0.7,0.7,1]}},{"__type__":"cc.Node","_name":"隔断2 copy","_parent":{"__id__":63},"_components":[{"__type__":"cc.Sprite","node":{"__id__":65},"_materials":[{"__uuid__":"ecpdLyjvZBwrvm+cedCcQy"}]}],"_contentSize":{"__type__":"cc.Size","width":43,"height":43},"_trs":{"__type__":"TypedArray","ctor":"Float64Array","array":[-170.818,0,0,0,0,0,1,0.5,0.5,1]}},{"__type__":"cc.Node","_name":"隔断2 copy","_parent":{"__id__":63},"_components":[{"__type__":"cc.Sprite","node":{"__id__":66},"_materials":[{"__uuid__":"ecpdLyjvZBwrvm+cedCcQy"}]}],"_contentSize":{"__type__":"cc.Size","width":43,"height":43},"_trs":{"__type__":"TypedArray","ctor":"Float64Array","array":[85.877,0,0,0,0,0,1,0.7,0.7,1]}},{"__type__":"cc.Node","_name":"隔断2 copy","_parent":{"__id__":63},"_components":[{"__type__":"cc.Sprite","node":{"__id__":67},"_materials":[{"__uuid__":"ecpdLyjvZBwrvm+cedCcQy"}]}],"_contentSize":{"__type__":"cc.Size","width":43,"height":43},"_trs":{"__type__":"TypedArray","ctor":"Float64Array","array":[165.877,0,0,0,0,0,1,0.5,0.5,1]}},{"__type__":"cc.Node","_name":"饰","_parent":{"__id__":62},"_children":[{"__id__":69},{"__id__":70}],"_components":[{"__type__":"cc.Sprite","node":{"__id__":68},"_materials":[{"__uuid__":"ecpdLyjvZBwrvm+cedCcQy"}]}],"_contentSize":{"__type__":"cc.Size","width":515,"height":131},"_trs":{"__type__":"TypedArray","ctor":"Float64Array","array":[0,271.594,0,0,0,0,1,1,1,1]}},{"__type__":"cc.Node","_name":"带","_parent":{"__id__":68},"_components":[{"__type__":"cc.Sprite","node":{"__id__":69},"_materials":[{"__uuid__":"ecpdLyjvZBwrvm+cedCcQy"}]}],"_contentSize":{"__type__":"cc.Size","width":670,"height":126},"_trs":{"__type__":"TypedArray","ctor":"Float64Array","array":[0,-104.168,0,0,0,0,1,1,1,1]}},{"__type__":"cc.Node","_name":"New Label","_parent":{"__id__":68},"_components":[{"__type__":"cc.Label","node":{"__id__":70},"_materials":[{"__uuid__":"ecpdLyjvZBwrvm+cedCcQy"}],"_useOriginalSize":false,"_string":"新 纪 录","_N$string":"新 纪 录","_fontSize":50,"_N$horizontalAlign":1,"_N$verticalAlign":1}],"_color":{"__type__":"cc.Color","r":49,"g":44,"b":44},"_contentSize":{"__type__":"cc.Size","width":177.78,"height":50.4},"_trs":{"__type__":"TypedArray","ctor":"Float64Array","array":[0,-87.539,0,0,0,0,1,1,1,1]}},{"__type__":"cc.Node","_name":"score","_parent":{"__id__":62},"_components":[{"__type__":"cc.Label","node":{"__id__":71},"_materials":[{"__uuid__":"ecpdLyjvZBwrvm+cedCcQy"}],"_useOriginalSize":false,"_string":"999","_N$string":"999","_fontSize":55,"_lineHeight":60,"_N$file":{"__uuid__":"a1D/RiOlxHfqoHL4PU462k"},"_isSystemFontUsed":false,"_N$horizontalAlign":1,"_N$verticalAlign":1}],"_contentSize":{"__type__":"cc.Size","width":218.94,"height":63.46},"_trs":{"__type__":"TypedArray","ctor":"Float64Array","array":[0,45.745,0,0,0,0,1,1,1,1]}},{"__type__":"cc.Node","_name":"jixu","_parent":{"__id__":60},"_active":false,"_components":[{"__type__":"cc.Sprite","node":{"__id__":72},"_materials":[{"__uuid__":"ecpdLyjvZBwrvm+cedCcQy"}],"_spriteFrame":{"__uuid__":"a2MjXRFdtLlYQ5ouAFv/+R"},"_sizeMode":0},{"__type__":"cc.Button","node":{"__id__":72},"clickEvents":[{"__type__":"cc.ClickEvent","target":{"__id__":36},"_componentId":"47901xGYuJBULv7U12/mbpk","handler":"closeCongratulation"}],"_N$target":{"__id__":72}}],"_opacity":0,"_contentSize":{"__type__":"cc.Size","width":720,"height":1280},"_trs":{"__type__":"TypedArray","ctor":"Float64Array","array":[0,0,0,0,0,0,1,1,1,1]}},{"__type__":"cc.Node","_name":"injured","_parent":{"__id__":36},"_components":[{"__type__":"cc.Sprite","node":{"__id__":73},"_materials":[{"__uuid__":"ecpdLyjvZBwrvm+cedCcQy"}],"_spriteFrame":{"__uuid__":"41D7kWhyFGY7q4NDlzkazn"},"_sizeMode":0}],"_opacity":0,"_contentSize":{"__type__":"cc.Size","width":720,"height":1500},"_trs":{"__type__":"TypedArray","ctor":"Float64Array","array":[0,0,0,0,0,0,1,1,1,1]}},{"__type__":"cc.Node","_name":"upEFFParent","_parent":{"__id__":2},"_trs":{"__type__":"TypedArray","ctor":"Float64Array","array":[0,0,0,0,0,0,1,1,1,1]}},{"__type__":"cc.Node","_name":"failedUi","_parent":{"__id__":2},"_children":[{"__id__":76},{"__id__":77},{"__id__":78},{"__id__":114}],"_components":[{"__type__":"78235dKIMdFVqcEjSP7q4OM","node":{"__id__":75},"clickMask":{"__id__":77},"failedUiBox":{"__id__":78},"di":{"__id__":84},"levelTxt":{"__id__":86},"guan":{"__id__":87},"continueTip":{"__id__":103},"scoreLabel":{"__id__":89},"highScoreNode":{"__id__":90},"highScore":{"__id__":91},"highScoreLabel":{"__id__":93},"resultTxt":{"__id__":95},"overTxt":{"__id__":97},"moreGameBtn":{"__id__":100},"reStartBtn":{"__id__":104},"failedBoxPos":{"__type__":"cc.Vec2","y":-50},"standardScore":350,"bgMask":{"__id__":76},"bencichengji":{"__id__":81},"gengduoyouxi":{"__id__":101},"adsButton2":{"__id__":98},"bannerButton":{"__id__":114}}],"_trs":{"__type__":"TypedArray","ctor":"Float64Array","array":[0,0,0,0,0,0,1,1,1,1]},"_groupIndex":2,"groupIndex":2},{"__type__":"cc.Node","_name":"bgMask","_parent":{"__id__":75},"_components":[{"__type__":"cc.Sprite","node":{"__id__":76},"_materials":[{"__uuid__":"ecpdLyjvZBwrvm+cedCcQy"}],"_spriteFrame":{"__uuid__":"41D7kWhyFGY7q4NDlzkazn"},"_sizeMode":0}],"_opacity":0,"_color":{"__type__":"cc.Color"},"_contentSize":{"__type__":"cc.Size","width":720,"height":1280},"_trs":{"__type__":"TypedArray","ctor":"Float64Array","array":[0,0,0,0,0,0,1,1,1,1]}},{"__type__":"cc.Node","_name":"clickMask","_parent":{"__id__":75},"_contentSize":{"__type__":"cc.Size","width":720,"height":1280},"_trs":{"__type__":"TypedArray","ctor":"Float64Array","array":[0,0,0,0,0,0,1,1,1,1]},"_groupIndex":2,"groupIndex":2},{"__type__":"cc.Node","_name":"failedUiBox","_parent":{"__id__":75},"_children":[{"__id__":79},{"__id__":98},{"__id__":100},{"__id__":103},{"__id__":104},{"__id__":105}],"_contentSize":{"__type__":"cc.Size","width":720,"height":1280},"_trs":{"__type__":"TypedArray","ctor":"Float64Array","array":[0,1280,0,0,0,0,1,1,1,1]},"_groupIndex":2,"groupIndex":2},{"__type__":"cc.Node","_name":"scoreBox","_parent":{"__id__":78},"_children":[{"__id__":80},{"__id__":82},{"__id__":83},{"__id__":88},{"__id__":90},{"__id__":94},{"__id__":96}],"_contentSize":{"__type__":"cc.Size","width":500,"height":300},"_trs":{"__type__":"TypedArray","ctor":"Float64Array","array":[0,177.423,0,0,0,0,1,1,1,1]},"_groupIndex":2,"groupIndex":2},{"__type__":"cc.Node","_name":"boxBg","_parent":{"__id__":79},"_children":[{"__id__":81}],"_components":[{"__type__":"cc.Sprite","node":{"__id__":80},"_materials":[{"__uuid__":"ecpdLyjvZBwrvm+cedCcQy"}],"_type":1,"_sizeMode":0}],"_contentSize":{"__type__":"cc.Size","width":578,"height":377},"_trs":{"__type__":"TypedArray","ctor":"Float64Array","array":[0,0,0,0,0,0,1,1,1,1]},"_groupIndex":2,"groupIndex":2},{"__type__":"cc.Node","_name":"本次成绩","_parent":{"__id__":80},"_components":[{"__type__":"cc.Sprite","node":{"__id__":81},"_materials":[{"__uuid__":"ecpdLyjvZBwrvm+cedCcQy"}]}],"_contentSize":{"__type__":"cc.Size","width":438,"height":55},"_trs":{"__type__":"TypedArray","ctor":"Float64Array","array":[0,234.828,0,0,0,0,1,1,1,1]}},{"__type__":"cc.Node","_name":"gameOver","_parent":{"__id__":79},"_active":false,"_components":[{"__type__":"cc.Sprite","node":{"__id__":82},"_materials":[{"__uuid__":"ecpdLyjvZBwrvm+cedCcQy"}]}],"_contentSize":{"__type__":"cc.Size","width":296,"height":62},"_trs":{"__type__":"TypedArray","ctor":"Float64Array","array":[0,-54.475,0,0,0,0,1,1,1,1]}},{"__type__":"cc.Node","_name":"levelNode","_parent":{"__id__":79},"_children":[{"__id__":84},{"__id__":85},{"__id__":87}],"_active":false,"_trs":{"__type__":"TypedArray","ctor":"Float64Array","array":[0,57.136,0,0,0,0,1,1,1,1]}},{"__type__":"cc.Node","_name":"di","_parent":{"__id__":83},"_components":[{"__type__":"cc.Sprite","node":{"__id__":84},"_materials":[{"__uuid__":"ecpdLyjvZBwrvm+cedCcQy"}]}],"_color":{"__type__":"cc.Color"},"_contentSize":{"__type__":"cc.Size","width":68,"height":57},"_trs":{"__type__":"TypedArray","ctor":"Float64Array","array":[-80,0,0,0,0,0,1,1,1,1]}},{"__type__":"cc.Node","_name":"levelTxt","_parent":{"__id__":83},"_components":[{"__id__":86}],"_color":{"__type__":"cc.Color"},"_contentSize":{"__type__":"cc.Size","width":90.53,"height":52.63},"_trs":{"__type__":"TypedArray","ctor":"Float64Array","array":[0,0,0,0,0,0,1,1,1,1]}},{"__type__":"cc.Label","node":{"__id__":85},"_materials":[{"__uuid__":"ecpdLyjvZBwrvm+cedCcQy"}],"_string":"10","_N$string":"10","_lineHeight":50,"_N$file":{"__uuid__":"5dOV4Jx2FP84EGGTt1wqTo"},"_isSystemFontUsed":false,"_N$horizontalAlign":1,"_N$verticalAlign":1},{"__type__":"cc.Node","_name":"guan","_parent":{"__id__":83},"_components":[{"__type__":"cc.Sprite","node":{"__id__":87},"_materials":[{"__uuid__":"ecpdLyjvZBwrvm+cedCcQy"}]}],"_color":{"__type__":"cc.Color"},"_contentSize":{"__type__":"cc.Size","width":69,"height":57},"_trs":{"__type__":"TypedArray","ctor":"Float64Array","array":[83,0,0,0,0,0,1,1,1,1]}},{"__type__":"cc.Node","_name":"scoreT","_parent":{"__id__":79},"_components":[{"__id__":89}],"_color":{"__type__":"cc.Color","r":255,"g":236,"b":77},"_contentSize":{"__type__":"cc.Size","width":157.22,"height":46.53},"_trs":{"__type__":"TypedArray","ctor":"Float64Array","array":[0,185.387,0,0,0,0,1,2,2,1]},"_groupIndex":2,"groupIndex":2},{"__type__":"cc.Label","node":{"__id__":88},"_materials":[{"__uuid__":"ecpdLyjvZBwrvm+cedCcQy"}],"_string":"313","_N$string":"313","_fontSize":45,"_lineHeight":91,"_N$file":{"__uuid__":"efvW6eRbRBlJgD8fegz2p/"},"_isSystemFontUsed":false,"_spacingX":-5,"_N$horizontalAlign":1,"_N$verticalAlign":1},{"__type__":"cc.Node","_name":"highScoreNode","_parent":{"__id__":79},"_children":[{"__id__":91},{"__id__":92}],"_contentSize":{"__type__":"cc.Size","width":400,"height":46},"_trs":{"__type__":"TypedArray","ctor":"Float64Array","array":[-7.507,45.921,0,0,0,0,1,1,1,1]},"_groupIndex":2,"groupIndex":2},{"__type__":"cc.Node","_name":"highScore","_parent":{"__id__":90},"_components":[{"__type__":"cc.Sprite","node":{"__id__":91},"_materials":[{"__uuid__":"ecpdLyjvZBwrvm+cedCcQy"}],"_spriteFrame":{"__uuid__":"00YlSnEflNuL/CoEA+7Zi3"},"_sizeMode":0}],"_contentSize":{"__type__":"cc.Size","width":68,"height":60},"_trs":{"__type__":"TypedArray","ctor":"Float64Array","array":[-84.606,10.864,0,0,0,0,1,1,1,1]}},{"__type__":"cc.Node","_name":"highScoreT","_parent":{"__id__":90},"_components":[{"__id__":93}],"_color":{"__type__":"cc.Color","r":255,"g":8},"_contentSize":{"__type__":"cc.Size","width":213.33,"height":51.11},"_trs":{"__type__":"TypedArray","ctor":"Float64Array","array":[77.339,9.747,0,0,0,0,1,1,1,1]},"_groupIndex":2,"groupIndex":2},{"__type__":"cc.Label","node":{"__id__":92},"_materials":[{"__uuid__":"ecpdLyjvZBwrvm+cedCcQy"}],"_string":"2200","_N$string":"2200","_fontSize":30,"_N$file":{"__uuid__":"efvW6eRbRBlJgD8fegz2p/"},"_isSystemFontUsed":false,"_N$verticalAlign":1,"_N$overflow":2},{"__type__":"cc.Node","_name":"resultTxt","_parent":{"__id__":79},"_components":[{"__id__":95}],"_contentSize":{"__type__":"cc.Size","width":420,"height":50.4},"_anchorPoint":{"__type__":"cc.Vec2","x":0.5,"y":1},"_trs":{"__type__":"TypedArray","ctor":"Float64Array","array":[0,-83.582,0,0,0,0,1,1,1,1]},"_groupIndex":2,"groupIndex":2},{"__type__":"cc.Label","node":{"__id__":94},"_materials":[{"__uuid__":"ecpdLyjvZBwrvm+cedCcQy"}],"_string":"击败了全球1%玩家","_N$string":"击败了全球1%玩家","_fontSize":35,"_N$horizontalAlign":1,"_N$verticalAlign":1,"_N$fontFamily":"微软雅黑","_N$overflow":3},{"__type__":"cc.Node","_name":"overTxt","_parent":{"__id__":79},"_active":false,"_components":[{"__id__":97}],"_contentSize":{"__type__":"cc.Size","width":360.06,"height":50.4},"_trs":{"__type__":"TypedArray","ctor":"Float64Array","array":[0,-55.021,0,0,0,0,1,1,1,1]}},{"__type__":"cc.Label","node":{"__id__":96},"_materials":[{"__uuid__":"ecpdLyjvZBwrvm+cedCcQy"}],"_string":"当前关卡已完成10%","_N$string":"当前关卡已完成10%"},{"__type__":"cc.Node","_name":"adsButton2","_parent":{"__id__":78},"_children":[{"__id__":99}],"_components":[{"__type__":"cc.Button","node":{"__id__":98},"_normalMaterial":{"__uuid__":"ecpdLyjvZBwrvm+cedCcQy"},"clickEvents":[{"__type__":"cc.ClickEvent","target":{"__id__":75},"_componentId":"78235dKIMdFVqcEjSP7q4OM","handler":"adsButtonFunc2"}],"_N$transition":3,"transition":3,"_N$target":{"__id__":98}}],"_contentSize":{"__type__":"cc.Size","width":200,"height":200},"_trs":{"__type__":"TypedArray","ctor":"Float64Array","array":[256.243,196.511,0,0,0,0,1,0.7,0.7,1]}},{"__type__":"cc.Node","_name":"icon3","_parent":{"__id__":98},"_components":[{"__type__":"cc.Sprite","node":{"__id__":99},"_materials":[{"__uuid__":"ecpdLyjvZBwrvm+cedCcQy"}],"_spriteFrame":{"__uuid__":"ddPk35BrdEqJiAzXciE97I"}}],"_contentSize":{"__type__":"cc.Size","width":117,"height":109},"_trs":{"__type__":"TypedArray","ctor":"Float64Array","array":[0,0,0,0,0,0,1,1.2,1.2,1]}},{"__type__":"cc.Node","_name":"moreGameBtn","_parent":{"__id__":78},"_children":[{"__id__":101},{"__id__":102}],"_components":[{"__type__":"0fe07DOz8VMcYKlDM2VxHhQ","node":{"__id__":100},"offset":-20}],"_contentSize":{"__type__":"cc.Size","width":92,"height":92},"_trs":{"__type__":"TypedArray","ctor":"Float64Array","array":[-288.845,589.904,0,0,0,0,1,1,1,1]},"_groupIndex":2,"groupIndex":2},{"__type__":"cc.Node","_name":"moreGameBg","_parent":{"__id__":100},"_components":[{"__type__":"cc.Sprite","node":{"__id__":101},"_materials":[{"__uuid__":"ecpdLyjvZBwrvm+cedCcQy"}],"_spriteFrame":{"__uuid__":"397fjEi/dAXZx1jkKS0t32"},"_type":1,"_sizeMode":0}],"_contentSize":{"__type__":"cc.Size","width":92,"height":92},"_trs":{"__type__":"TypedArray","ctor":"Float64Array","array":[0,0,0,0,0,0,1,1,1,1]},"_groupIndex":2,"groupIndex":2},{"__type__":"cc.Node","_name":"moreGame","_parent":{"__id__":100},"_active":false,"_components":[{"__type__":"cc.Sprite","node":{"__id__":102},"_materials":[{"__uuid__":"ecpdLyjvZBwrvm+cedCcQy"}]}],"_contentSize":{"__type__":"cc.Size","width":289,"height":61},"_trs":{"__type__":"TypedArray","ctor":"Float64Array","array":[0,0,0,0,0,0,1,1,1,1]},"_groupIndex":2,"groupIndex":2},{"__type__":"cc.Node","_name":"continueTip","_parent":{"__id__":78},"_active":false,"_components":[{"__type__":"cc.Label","node":{"__id__":103},"_materials":[{"__uuid__":"ecpdLyjvZBwrvm+cedCcQy"}],"_string":"点击继续","_N$string":"点击继续","_N$horizontalAlign":1,"_N$verticalAlign":1,"_N$fontFamily":"微软雅黑"}],"_opacity":0,"_contentSize":{"__type__":"cc.Size","width":160,"height":50.4},"_trs":{"__type__":"TypedArray","ctor":"Float64Array","array":[0,-370,0,0,0,0,1,1,1,1]}},{"__type__":"cc.Node","_name":"restartBtn","_parent":{"__id__":78},"_components":[{"__type__":"cc.Sprite","node":{"__id__":104},"_materials":[{"__uuid__":"ecpdLyjvZBwrvm+cedCcQy"}],"_spriteFrame":{"__uuid__":"5675cd/uhC2pm1bEfEgE8F"}},{"__type__":"cc.Button","node":{"__id__":104},"_normalMaterial":{"__uuid__":"ecpdLyjvZBwrvm+cedCcQy"},"zoomScale":0.8,"clickEvents":[{"__type__":"cc.ClickEvent","target":{"__id__":75},"_componentId":"78235dKIMdFVqcEjSP7q4OM","handler":"OnClickCloseMask"}],"_N$transition":3,"transition":3,"_N$target":{"__id__":104}}],"_contentSize":{"__type__":"cc.Size","width":163,"height":163},"_trs":{"__type__":"TypedArray","ctor":"Float64Array","array":[0,-175.946,0,0,0,0,1,1,1,1]}},{"__type__":"cc.Node","_name":"帽子","_parent":{"__id__":78},"_children":[{"__id__":106},{"__id__":107},{"__id__":108},{"__id__":109},{"__id__":110},{"__id__":111},{"__id__":112},{"__id__":113}],"_active":false,"_components":[{"__type__":"cc.Sprite","node":{"__id__":105},"_materials":[{"__uuid__":"ecpdLyjvZBwrvm+cedCcQy"}]}],"_contentSize":{"__type__":"cc.Size","width":217,"height":181},"_trs":{"__type__":"TypedArray","ctor":"Float64Array","array":[0,-379.901,0,0,0,0,1,0.7,0.7,1]}},{"__type__":"cc.Node","_name":"8","_parent":{"__id__":105},"_components":[{"__type__":"cc.Sprite","node":{"__id__":106},"_materials":[{"__uuid__":"ecpdLyjvZBwrvm+cedCcQy"}]}],"_contentSize":{"__type__":"cc.Size","width":103,"height":142},"_anchorPoint":{"__type__":"cc.Vec2","x":0.5},"_trs":{"__type__":"TypedArray","ctor":"Float64Array","array":[0,0,0,0,0,0.49999999999999994,0.8660254037844387,1,1,1]},"_eulerAngles":{"__type__":"cc.Vec3","z":60}},{"__type__":"cc.Node","_name":"9","_parent":{"__id__":105},"_components":[{"__type__":"cc.Sprite","node":{"__id__":107},"_materials":[{"__uuid__":"ecpdLyjvZBwrvm+cedCcQy"}]}],"_contentSize":{"__type__":"cc.Size","width":103,"height":142},"_anchorPoint":{"__type__":"cc.Vec2","x":0.5},"_trs":{"__type__":"TypedArray","ctor":"Float64Array","array":[0,0,0,0,0,0.3420201433256687,0.9396926207859084,1,1,1]},"_eulerAngles":{"__type__":"cc.Vec3","z":40}},{"__type__":"cc.Node","_name":"10","_parent":{"__id__":105},"_components":[{"__type__":"cc.Sprite","node":{"__id__":108},"_materials":[{"__uuid__":"ecpdLyjvZBwrvm+cedCcQy"}]}],"_contentSize":{"__type__":"cc.Size","width":103,"height":142},"_anchorPoint":{"__type__":"cc.Vec2","x":0.5},"_trs":{"__type__":"TypedArray","ctor":"Float64Array","array":[0,0,0,0,0,0.17364817766693033,0.984807753012208,1,1,1]},"_eulerAngles":{"__type__":"cc.Vec3","z":20}},{"__type__":"cc.Node","_name":"J","_parent":{"__id__":105},"_components":[{"__type__":"cc.Sprite","node":{"__id__":109},"_materials":[{"__uuid__":"ecpdLyjvZBwrvm+cedCcQy"}]}],"_contentSize":{"__type__":"cc.Size","width":103,"height":142},"_anchorPoint":{"__type__":"cc.Vec2","x":0.5},"_trs":{"__type__":"TypedArray","ctor":"Float64Array","array":[0,0,0,0,0,0,1,1,1,1]}},{"__type__":"cc.Node","_name":"Q","_parent":{"__id__":105},"_components":[{"__type__":"cc.Sprite","node":{"__id__":110},"_materials":[{"__uuid__":"ecpdLyjvZBwrvm+cedCcQy"}]}],"_contentSize":{"__type__":"cc.Size","width":103,"height":142},"_anchorPoint":{"__type__":"cc.Vec2","x":0.5},"_trs":{"__type__":"TypedArray","ctor":"Float64Array","array":[0,0,0,0,0,-0.17364817766693033,0.984807753012208,1,1,1]},"_eulerAngles":{"__type__":"cc.Vec3","z":-20}},{"__type__":"cc.Node","_name":"K","_parent":{"__id__":105},"_components":[{"__type__":"cc.Sprite","node":{"__id__":111},"_materials":[{"__uuid__":"ecpdLyjvZBwrvm+cedCcQy"}]}],"_contentSize":{"__type__":"cc.Size","width":103,"height":142},"_anchorPoint":{"__type__":"cc.Vec2","x":0.5},"_trs":{"__type__":"TypedArray","ctor":"Float64Array","array":[0,0,0,0,0,-0.3420201433256687,0.9396926207859084,1,1,1]},"_eulerAngles":{"__type__":"cc.Vec3","z":-40}},{"__type__":"cc.Node","_name":"1A","_parent":{"__id__":105},"_components":[{"__type__":"cc.Sprite","node":{"__id__":112},"_materials":[{"__uuid__":"ecpdLyjvZBwrvm+cedCcQy"}]}],"_contentSize":{"__type__":"cc.Size","width":103,"height":142},"_anchorPoint":{"__type__":"cc.Vec2","x":0.5},"_trs":{"__type__":"TypedArray","ctor":"Float64Array","array":[0,0,0,0,0,-0.49999999999999994,0.8660254037844387,1,1,1]},"_eulerAngles":{"__type__":"cc.Vec3","z":-60}},{"__type__":"cc.Node","_name":"joker","_parent":{"__id__":105},"_components":[{"__type__":"cc.Sprite","node":{"__id__":113},"_materials":[{"__uuid__":"ecpdLyjvZBwrvm+cedCcQy"}]}],"_contentSize":{"__type__":"cc.Size","width":103,"height":142},"_trs":{"__type__":"TypedArray","ctor":"Float64Array","array":[0,29.636,0,0,0,0,1,1,1,1]}},{"__type__":"cc.Node","_name":"bannerButton","_parent":{"__id__":75},"_active":false,"_components":[{"__type__":"cc.Sprite","node":{"__id__":114},"_materials":[{"__uuid__":"ecpdLyjvZBwrvm+cedCcQy"}],"_spriteFrame":{"__uuid__":"fa+jRxcdtOhIrqQyzKNPO+"}},{"__type__":"0fe07DOz8VMcYKlDM2VxHhQ","node":{"__id__":114},"type":1,"offset":69.5}],"_contentSize":{"__type__":"cc.Size","width":720,"height":139},"_trs":{"__type__":"TypedArray","ctor":"Float64Array","array":[0,-828.746,0,0,0,0,1,1,1,1]},"_groupIndex":2,"groupIndex":2},{"__type__":"cc.Node","_name":"uiEffectParent","_parent":{"__id__":2},"_trs":{"__type__":"TypedArray","ctor":"Float64Array","array":[0,0,0,0,0,0,1,1,1,1]},"_groupIndex":2,"groupIndex":2},{"__type__":"cc.Node","_name":"icon1","_parent":{"__id__":2},"_components":[{"__type__":"cc.Sprite","node":{"__id__":116},"_sizeMode":0},{"__type__":"cc.Widget","node":{"__id__":116},"alignMode":0,"_alignFlags":9,"_left":19.5,"_top":19.5}],"_contentSize":{"__type__":"cc.Size","width":55,"height":55},"_trs":{"__type__":"TypedArray","ctor":"Float64Array","array":[-313,593,0,0,0,0,1,1,1,1]}},{"__type__":"cc.Node","_name":"icon2","_parent":{"__id__":2},"_components":[{"__type__":"cc.Sprite","node":{"__id__":117},"_sizeMode":0},{"__type__":"cc.Widget","node":{"__id__":117},"alignMode":0,"_alignFlags":33,"_right":22.5,"_top":88.5}],"_contentSize":{"__type__":"cc.Size","width":55,"height":55},"_trs":{"__type__":"TypedArray","ctor":"Float64Array","array":[310,524,0,0,0,0,1,1,1,1]}},{"__type__":"cc.Node","_name":"icon3","_parent":{"__id__":2},"_components":[{"__type__":"cc.Sprite","node":{"__id__":118},"_sizeMode":0},{"__type__":"cc.Widget","node":{"__id__":118},"alignMode":0,"_alignFlags":12,"_left":27.5,"_bottom":15.5}],"_contentSize":{"__type__":"cc.Size","width":55,"height":55},"_trs":{"__type__":"TypedArray","ctor":"Float64Array","array":[-305,-597,0,0,0,0,1,1,1,1]}},{"__type__":"cc.Node","_name":"icon4","_parent":{"__id__":2},"_components":[{"__type__":"cc.Sprite","node":{"__id__":119},"_sizeMode":0},{"__type__":"cc.Widget","node":{"__id__":119},"alignMode":0,"_alignFlags":36,"_right":27.5,"_bottom":15.5}],"_contentSize":{"__type__":"cc.Size","width":55,"height":55},"_trs":{"__type__":"TypedArray","ctor":"Float64Array","array":[305,-597,0,0,0,0,1,1,1,1]}}],{"__type__":"cc.SpriteFrame","content":{"name":"flower","texture":"536Onqp61NfbovIGjz5l72","rect":[1,1,253,255],"offset":[-0.5,-0.5],"originalSize":[256,256],"capInsets":[0,0,0,0]}},{"__type__":"cc.SpriteFrame","content":{"name":"柠檬","texture":"74I3BXKIBOH4p4bY7wCh9f","rect":[0,0,119,119],"offset":[0,0],"originalSize":[119,119],"capInsets":[0,0,0,0]}},{"__type__":"cc.SpriteFrame","content":{"name":"桌","texture":"eb3A6RnrJAtoIRUGGnO7VC","rect":[0,0,720,127],"offset":[0,0],"originalSize":[720,127],"capInsets":[0,22,0,0]}},{"__type__":"cc.SpriteFrame","content":{"name":"西瓜","texture":"8eqYAPJy1ElJnU5T1Vme7+","rect":[0,0,24,41],"offset":[0,0],"originalSize":[24,41],"capInsets":[0,0,0,0]}},{"__type__":"cc.AudioClip","_name":"合成","_native":".mp3"},{"__type__":"cc.AudioClip","_name":"2","_native":".mp3"},{"__type__":"cc.AnimationClip","_name":"ClickLoop","_duration":0.6833333333333333,"speed":0.5,"wrapMode":2,"curveData":{"comps":{"cc.Sprite":{"spriteFrame":[{"frame":0,"value":{"__uuid__":"89eEhNuWBI95OMkD/zl7q+"}},{"frame":0.3333333333333333,"value":{"__uuid__":"5aJtGAOjVEILw6Z/MuS88O"}},{"frame":0.6666666666666666,"value":{"__uuid__":"89eEhNuWBI95OMkD/zl7q+"}}]}},"props":{"opacity":[]}}},{"__type__":"cc.SpriteFrame","content":{"name":"樱桃","texture":"55R3S0ssFFOZeGtOQkAavE","rect":[0,0,24,41],"offset":[0,0],"originalSize":[24,41],"capInsets":[0,0,0,0]}},{"__type__":"cc.SpriteFrame","content":{"name":"宝箱","texture":"bcssm8oBxAnImERxJEbh8F","rect":[1,1,117,109],"offset":[-1,1],"originalSize":[121,113],"capInsets":[0,0,0,0]}},{"__type__":"cc.SpriteFrame","content":{"name":"西红柿","texture":"03wz9VWTJP94lrgUujqO24","rect":[0,0,183,183],"offset":[0,0],"originalSize":[183,183],"capInsets":[0,0,0,0]}},{"__type__":"cc.SpriteFrame","content":{"name":"虚线","texture":"4bGaeeVWZCqr+ZdexT94qU","rect":[0,0,711,8],"offset":[0,0],"originalSize":[711,8],"capInsets":[0,0,0,0]}},{"__type__":"cc.SpriteFrame","content":{"name":"6","texture":"d7dRTX58pMnrD4/mG455OC","rect":[0,0,18,27],"offset":[0,0],"originalSize":[18,27],"capInsets":[0,0,0,0]}},{"__type__":"cc.SpriteFrame","content":{"name":"橘子1","texture":"6fjigbVlBLXqH+OXUh1wXQ","rect":[0,1,38,39],"offset":[0,-0.5],"originalSize":[38,40],"capInsets":[0,0,0,0]}},[{"__type__":"cc.Prefab","_name":"fruit","data":{"__id__":1}},{"__type__":"cc.Node","_name":"fruit","_children":[{"__id__":2}],"_components":[{"__type__":"cc.Sprite","node":{"__id__":1},"_materials":[{"__uuid__":"ecpdLyjvZBwrvm+cedCcQy"}],"_spriteFrame":{"__uuid__":"06d8KbeyFHs5nOlrC061nY"}},{"__type__":"cc.RigidBody","node":{"__id__":1},"_gravityScale":3,"enabledContactListener":true},{"__type__":"cc.PhysicsCircleCollider","node":{"__id__":1},"_friction":1,"_restitution":0.1,"_radius":214},{"__type__":"55375yB7OxHJ6SSoJ5ShoDj","node":{"__id__":1}}],"_prefab":{"__type__":"cc.PrefabInfo","root":{"__id__":1},"asset":{"__uuid__":"e3bjxRnSFHlIo730zmJ05G"},"fileId":"65Vg62IllFbpCDuxNpT5Dg"},"_contentSize":{"__type__":"cc.Size","width":428,"height":428},"_trs":{"__type__":"TypedArray","ctor":"Float64Array","array":[0,-151,0,0,0,0,1,1,1,1]},"_groupIndex":4,"groupIndex":4},{"__type__":"cc.Node","_name":"西瓜","_parent":{"__id__":1},"_components":[{"__type__":"cc.Sprite","node":{"__id__":2},"_materials":[{"__uuid__":"ecpdLyjvZBwrvm+cedCcQy"}],"_spriteFrame":{"__uuid__":"06d8KbeyFHs5nOlrC061nY"}}],"_prefab":{"__type__":"cc.PrefabInfo","root":{"__id__":1},"asset":{"__uuid__":"e3bjxRnSFHlIo730zmJ05G"},"fileId":"47azkUP5VFjaGjndx9yrMb"},"_contentSize":{"__type__":"cc.Size","width":428,"height":428},"_trs":{"__type__":"TypedArray","ctor":"Float64Array","array":[0,0,0,0,0,0,1,1,1,1]}}],{"__type__":"cc.SpriteFrame","content":{"name":"caidai1","texture":"44gs9IhQtCIbDernVZrrVM","rect":[0,0,26,39],"offset":[0,0.5],"originalSize":[26,40],"capInsets":[0,0,0,0]}},{"__type__":"cc.SpriteFrame","content":{"name":"西红柿","texture":"ae0aol/0JF/aec8JnkneKe","rect":[0,0,24,41],"offset":[0,0],"originalSize":[24,41],"capInsets":[0,0,0,0]}},{"__type__":"cc.SpriteFrame","content":{"name":"柠檬","texture":"2dUWCjA6RPYJNUO053IAix","rect":[1,0,318,292],"offset":[0.5,0],"originalSize":[319,292],"capInsets":[0,0,0,0]}},{"__type__":"cc.SpriteFrame","content":{"name":"猕猴桃","texture":"a7mM0lQUVLC7/9Ry9Cl36f","rect":[1,0,318,291],"offset":[0.5,0.5],"originalSize":[319,292],"capInsets":[0,0,0,0]}},{"__type__":"cc.LabelAtlas","_name":"11111","spriteFrame":{"__uuid__":"1fY+uzTmJIo43Gp6TKhz4J"},"fontSize":88,"_fntConfig":{"commonHeight":100,"fontSize":88,"atlasName":"数字","fontDefDictionary":{"48":{"rect":{"x":0,"y":0,"width":109,"height":100},"xOffset":0,"yOffset":0,"xAdvance":109},"49":{"rect":{"x":109,"y":0,"width":109,"height":100},"xOffset":0,"yOffset":0,"xAdvance":109},"50":{"rect":{"x":218,"y":0,"width":109,"height":100},"xOffset":0,"yOffset":0,"xAdvance":109},"51":{"rect":{"x":327,"y":0,"width":109,"height":100},"xOffset":0,"yOffset":0,"xAdvance":109},"52":{"rect":{"x":436,"y":0,"width":109,"height":100},"xOffset":0,"yOffset":0,"xAdvance":109},"53":{"rect":{"x":545,"y":0,"width":109,"height":100},"xOffset":0,"yOffset":0,"xAdvance":109},"54":{"rect":{"x":654,"y":0,"width":109,"height":100},"xOffset":0,"yOffset":0,"xAdvance":109},"55":{"rect":{"x":763,"y":0,"width":109,"height":100},"xOffset":0,"yOffset":0,"xAdvance":109},"56":{"rect":{"x":872,"y":0,"width":109,"height":100},"xOffset":0,"yOffset":0,"xAdvance":109},"57":{"rect":{"x":981,"y":0,"width":109,"height":100},"xOffset":0,"yOffset":0,"xAdvance":109}},"kerningDict":{}}},{"__type__":"cc.SpriteFrame","content":{"name":"7","texture":"e36xbamtdCNJlwiRYtcuO/","rect":[0,0,31,20],"offset":[0,0],"originalSize":[31,20],"capInsets":[0,0,0,0]}},{"__type__":"cc.AudioClip","_name":"1","_native":".mp3"},{"__type__":"cc.SpriteFrame","content":{"name":"桃","texture":"97Qv+7JBJHvby7AJZ8lD7b","rect":[0,0,24,41],"offset":[0,0],"originalSize":[24,41],"capInsets":[0,0,0,0]}},{"__type__":"cc.SpriteFrame","content":{"name":"西红柿1","texture":"ffBKvw4z9DIb4QlJDOO2VH","rect":[1,1,37,39],"offset":[0.5,-0.5],"originalSize":[38,40],"capInsets":[0,0,0,0]}},{"__type__":"cc.SpriteFrame","content":{"name":"樱桃","texture":"db3w/ze2FJD5VaeYQzbFca","rect":[1,0,318,292],"offset":[0.5,0],"originalSize":[319,292],"capInsets":[0,0,0,0]}},{"__type__":"cc.SpriteFrame","content":{"name":"banner","texture":"bdWFyvdFFJobLF0Pie0Ma9","rect":[0,0,720,139],"offset":[0,0],"originalSize":[720,139],"capInsets":[0,0,0,0]}},{"__type__":"cc.SpriteFrame","content":{"name":"2","texture":"13e4vXA9xHvpTR79esXQp0","rect":[0,0,25,15],"offset":[0,0],"originalSize":[25,15],"capInsets":[0,0,0,0]}}]